n,p,k,rep,seed,n_original,n_connected,n_edges_G,spanner_size,theoretical_bound,spanner_size_ratio,max_stretch_edges,avg_stretch_edges,max_stretch_pairs,avg_stretch_pairs,time_gen,time_spanner,time_stretch,n_infinite_stretch_edges,n_infinite_stretch_pairs
500,0.003800451229771041,2,0,42,500,392,460,417,15522.408060607091,0.02686438846162448,inf,1.0,inf,1.0685404552979743,0.02533578872680664,0.0005061626434326172,0.18504786491394043,43,156
500,0.003800451229771041,2,1,43,500,367,429,374,14061.417140530324,0.026597603659875114,inf,1.158311345646438,inf,1.1979564604140243,0.024625062942504883,0.00048089027404785156,0.1671900749206543,50,156
500,0.003800451229771041,2,2,44,500,382,439,402,14932.242698268738,0.02692160903911697,inf,1.0617283950617284,inf,1.1139184187122861,0.02418208122253418,0.0004611015319824219,0.1807849407196045,34,146
500,0.003800451229771041,2,3,45,500,330,373,331,11989.495402226066,0.02760750047400192,inf,1.0180722891566265,inf,1.1678101080361727,0.023873090744018555,0.0004088878631591797,0.13566994667053223,41,247
500,0.003800451229771041,2,4,46,500,401,455,416,16060.03748438963,0.02590280380132066,inf,1.0596658711217184,inf,1.1152659252773671,0.024040937423706055,0.0004951953887939453,0.1890869140625,36,122
500,0.003800451229771041,3,0,42,500,392,460,447,8606.687029974026,0.05193636046521248,inf,1.0,inf,1.0311682041491481,0.024925947189331055,0.0007278919219970703,0.19698286056518555,13,68
500,0.003800451229771041,3,1,43,500,367,429,416,7882.718306140878,0.05277367322335029,inf,1.0191846522781776,inf,1.0258690545198481,0.02384018898010254,0.0006830692291259766,0.18084478378295898,12,50
500,0.003800451229771041,3,2,44,500,382,439,423,8315.194366919826,0.050870729093575075,inf,1.0188679245283019,inf,1.0618628255837756,0.024449825286865234,0.0007259845733642578,0.18920302391052246,15,68
500,0.003800451229771041,3,3,45,500,330,373,370,6841.318997711069,0.054083138079629466,11.0,1.064343163538874,5.0,1.0226881504659284,0.025508880615234375,0.0006248950958251953,0.15902185440063477,0,0
500,0.003800451229771041,3,4,46,500,401,455,439,8871.160122015859,0.049486199545707536,inf,1.1681614349775784,inf,1.0923192354697462,0.025247812271118164,0.0007238388061523438,0.19989633560180664,9,16
500,0.003800451229771041,4,0,42,500,392,460,450,6976.981559246365,0.0644978055594299,inf,1.1074561403508771,inf,1.034747662131683,0.0251162052154541,0.0009658336639404297,0.19899868965148926,4,26
500,0.003800451229771041,4,1,43,500,367,429,421,6425.287598590201,0.06552235888902053,19.0,1.1888111888111887,2.2857142857142856,1.0466303169192617,0.025113821029663086,0.0009219646453857422,0.18370747566223145,0,0
500,0.003800451229771041,4,2,44,500,382,439,434,6755.215295304011,0.06424665699429322,inf,1.0298850574712644,inf,1.005441906188559,0.024030208587646484,0.0009710788726806641,0.1903979778289795,4,29
500,0.003800451229771041,4,3,45,500,330,373,369,5626.034825867755,0.06558793385056691,inf,1.0564516129032258,inf,1.0146511671281848,0.024344682693481445,0.0008459091186523438,0.15616440773010254,1,20
500,0.003800451229771041,4,4,46,500,401,455,451,7177.785191124204,0.06283275244259061,inf,1.030905077262693,inf,1.0090656639580822,0.023851871490478516,0.0009899139404296875,0.20251917839050293,2,20
500,0.003800451229771041,5,0,42,500,392,460,456,6470.134141880033,0.07047767326003224,inf,1.0458515283842795,inf,1.0198316131666232,0.02498030662536621,0.0012221336364746094,0.2018282413482666,2,2
500,0.003800451229771041,5,1,43,500,367,429,420,5978.18404904775,0.07025544823547224,inf,1.1100702576112411,inf,1.0235214975877789,0.024776935577392578,0.001149892807006836,0.18303704261779785,2,13
500,0.003800451229771041,5,2,44,500,382,439,438,6272.577556940039,0.06982775358678389,6.0,1.0113895216400912,2.25,1.0079917027417027,0.024492979049682617,0.0011677742004394531,0.1949617862701416,0,0
500,0.003800451229771041,5,3,45,500,330,373,370,5262.434849580235,0.07030965904110215,inf,1.0,inf,1.0033071403283098,0.024335861206054688,0.001010894775390625,0.15733122825622559,3,7
500,0.003800451229771041,5,4,46,500,401,455,448,6648.799727154308,0.06738058271936315,inf,1.099337748344371,inf,1.0365295332686637,0.023706912994384766,0.0012140274047851562,0.2002701759338379,2,30
500,0.006907755278982137,2,0,42,500,486,844,769,21428.136269867242,0.035887395446583294,inf,1.0220207253886011,inf,1.0377733829688225,0.024502992630004883,0.0007169246673583984,0.30132102966308594,72,75
500,0.006907755278982137,2,1,43,500,476,840,748,20770.1878662664,0.036013155240394015,inf,1.088274044795784,inf,1.0568998751153824,0.02434396743774414,0.0007119178771972656,0.290722131729126,81,121
500,0.006907755278982137,2,2,44,500,486,883,801,21428.136269867242,0.037380759106259064,inf,1.190876350540216,inf,1.0440217391304343,0.02498793601989746,0.0007479190826416016,0.3120594024658203,50,80
500,0.006907755278982137,2,3,45,500,481,835,771,21098.30713588178,0.036543216241684356,inf,1.090561224489796,inf,1.0560787015770938,0.02508687973022461,0.0007309913635253906,0.3021087646484375,51,65
500,0.006907755278982137,2,4,46,500,484,853,779,21296.0,0.036579639368895564,inf,1.0782828282828283,inf,1.037170179547229,0.024287939071655273,0.0007109642028808594,0.30365705490112305,61,84
500,0.006907755278982137,3,0,42,500,486,844,829,11463.122858269708,0.07231886199334801,inf,1.0311377245508981,inf,1.0114544093499467,0.02392888069152832,0.0010631084442138672,0.31836700439453125,9,10
500,0.006907755278982137,3,1,43,500,476,840,805,11149.71735950142,0.0721991395875166,inf,1.1476590636254502,inf,1.0430663780663787,0.024264812469482422,0.001074075698852539,0.31118106842041016,7,8
500,0.006907755278982137,3,2,44,500,486,883,868,11463.122858269708,0.07572107624876487,inf,1.0377142857142858,inf,1.00700322596177,0.024098873138427734,0.0010921955108642578,0.327634334564209,8,11
500,0.006907755278982137,3,3,45,500,481,835,815,11306.148617297824,0.07208467070325716,inf,1.0903614457831325,inf,1.0206809235791092,0.025356054306030273,0.001070261001586914,0.3156697750091553,5,6
500,0.006907755278982137,3,4,46,500,484,853,834,11400.268244103625,0.07315617335858358,inf,1.0439429928741093,inf,1.0106994818652848,0.02446889877319336,0.0010612010955810547,0.3159050941467285,11,34
500,0.006907755278982137,4,0,42,500,486,844,832,9127.573270987412,0.0911523770118139,inf,1.0581257413997627,inf,1.0104922715053766,0.02431511878967285,0.0013859272003173828,0.319000244140625,1,4
500,0.006907755278982137,4,1,43,500,476,840,818,8893.41753178959,0.0919781396832042,inf,1.049576783555018,inf,1.0129251700680273,0.024411916732788086,0.0014069080352783203,0.309175968170166,13,32
500,0.006907755278982137,4,2,44,500,486,883,868,9127.573270987412,0.095096470247902,inf,1.0613636363636363,inf,1.0128204205069131,0.025463104248046875,0.0014820098876953125,0.3289957046508789,3,8
500,0.006907755278982137,4,3,45,500,481,835,827,9010.343270867825,0.09178340659604504,inf,1.0455635491606714,inf,1.0060051311561886,0.02543020248413086,0.0014259815216064453,0.320544958114624,1,5
500,0.006907755278982137,4,4,46,500,484,853,848,9080.64491101816,0.0933854377425401,7.0,1.030480656506448,1.5,1.0036870203536872,0.026005983352661133,0.0014300346374511719,0.325883150100708,0,0
500,0.006907755278982137,5,0,42,500,486,844,836,8374.011007928382,0.09983268462490535,inf,1.0379596678529064,inf,1.0074287636346164,0.024471044540405273,0.0018045902252197266,0.31842589378356934,1,5
500,0.006907755278982137,5,1,43,500,476,840,822,8167.673104128139,0.10064065854748047,inf,1.0739856801909309,inf,1.0158218641602328,0.024995088577270508,0.0018191337585449219,0.3153541088104248,2,5
500,0.006907755278982137,5,2,44,500,486,883,878,8374.011007928382,0.104848202273525,7.0,1.0249150622876557,1.6666666666666667,1.004,0.024631023406982422,0.0018138885498046875,0.32748889923095703,0,0
500,0.006907755278982137,5,3,45,500,481,835,827,8270.734810095817,0.09999111554036384,inf,1.040767386091127,inf,1.0051918654785859,0.02544116973876953,0.0017371177673339844,0.3117401599884033,1,4
500,0.006907755278982137,5,4,46,500,484,853,844,8332.674903611736,0.10128800292378795,inf,1.0410798122065728,inf,1.00655839800709,0.02559804916381836,0.0018191337585449219,0.32090139389038086,1,5
500,0.012429216196844383,2,0,42,500,499,1572,1452,22293.6312878813,0.06513070846333138,inf,1.1728778467908902,inf,1.027559462254395,0.02539372444152832,0.001096963882446289,0.40163516998291016,34,30
500,0.012429216196844383,2,1,43,500,500,1543,1410,22360.679774997898,0.06305711696549407,inf,1.1612565445026177,inf,1.03245521601686,0.02496194839477539,0.0010738372802734375,0.4003467559814453,45,50
500,0.012429216196844383,2,2,44,500,500,1536,1404,22360.679774997898,0.0627887888081941,inf,1.1824817518248176,inf,1.0305936073059363,0.024873971939086914,0.0010390281677246094,0.3998870849609375,41,51
500,0.012429216196844383,2,3,45,500,500,1502,1386,22360.679774997898,0.06198380433629417,inf,1.190625,inf,1.0371433542101602,0.025314807891845703,0.0010428428649902344,0.39429211616516113,40,40
500,0.012429216196844383,2,4,46,500,497,1535,1425,22159.735828750305,0.06430582074679736,inf,1.1632231404958677,inf,1.038375350140056,0.024850130081176758,0.0010349750518798828,0.39791083335876465,32,47
500,0.012429216196844383,3,0,42,500,499,1572,1531,11873.77045610314,0.1289396662719771,6.0,1.094,2.5,1.017636242059512,0.025811195373535156,0.0015680789947509766,0.4172050952911377,0,0
500,0.012429216196844383,3,1,43,500,500,1543,1468,11905.507889761491,0.1233042734163783,inf,1.105740181268882,inf,1.0197202320027299,0.024767160415649414,0.0015332698822021484,0.4108102321624756,7,22
500,0.012429216196844383,3,2,44,500,500,1536,1513,11905.507889761491,0.12708403656606293,inf,1.0291457286432162,inf,1.0057615230460921,0.02591228485107422,0.0015759468078613281,0.41893887519836426,5,2
500,0.012429216196844383,3,3,45,500,500,1502,1457,11905.507889761491,0.12238033131312206,inf,1.0663983903420524,inf,1.0150439486139284,0.030243873596191406,0.0015132427215576172,0.4104189872741699,6,12
500,0.012429216196844383,3,4,46,500,497,1535,1494,11810.3591980171,0.1264991161531171,6.0,1.084,2.0,1.0145979312645985,0.024796724319458008,0.0015499591827392578,0.4104278087615967,0,0
500,0.012429216196844383,4,0,42,500,499,1572,1548,9433.778463649767,0.16409119696468952,5.0,1.035,2.5,1.0081076563022402,0.024224042892456055,0.0020918846130371094,0.4172508716583252,0,0
500,0.012429216196844383,4,1,43,500,500,1543,1505,9457.416090031758,0.1591343751478049,inf,1.0491474423269809,inf,1.0109715242881072,0.025567054748535156,0.002128124237060547,0.41257190704345703,3,4
500,0.012429216196844383,4,2,44,500,500,1536,1515,9457.416090031758,0.16019174641124545,5.0,1.043,2.0,1.0080833333333334,0.02516484260559082,0.002110004425048828,0.4181249141693115,0,0
500,0.012429216196844383,4,3,45,500,500,1502,1477,9457.416090031758,0.1561737356101713,5.0,1.043,2.0,1.0091015364061457,0.02670001983642578,0.001968860626220703,0.4118678569793701,0,0
500,0.012429216196844383,4,4,46,500,497,1535,1511,9386.538747329136,0.16097520509676083,5.0,1.044,2.5,1.0125959292625961,0.024924039840698242,0.0020220279693603516,0.41134047508239746,0,0
500,0.012429216196844383,5,0,42,500,499,1572,1548,8643.520355233793,0.17909369520517882,6.0,1.047,2.0,1.0068037445670346,0.025087833404541016,0.0028879642486572266,0.415938138961792,0,0
500,0.012429216196844383,5,1,43,500,500,1543,1507,8664.310539439328,0.1739319006561737,6.0,1.075,2.5,1.0130964297630964,0.024967193603515625,0.009341955184936523,0.4158339500427246,0,0
500,0.012429216196844383,5,2,44,500,500,1536,1525,8664.310539439328,0.1760093885206801,5.0,1.025,2.5,1.0048333333333335,0.024380207061767578,0.0028409957885742188,0.4280390739440918,0,0
500,0.012429216196844383,5,3,45,500,500,1502,1481,8664.310539439328,0.1709310848518867,inf,1.035035035035035,inf,1.0047571189279731,0.0256960391998291,0.0026450157165527344,0.4121897220611572,1,3
500,0.012429216196844383,5,4,46,500,497,1535,1527,8601.964993426851,0.1775175789679276,4.0,1.007,2.0,1.0054220887554224,0.025700807571411133,0.0026450157165527344,0.4144008159637451,0,0
500,0.022360679774997897,2,0,42,500,500,2798,2594,22360.679774997898,0.11600720667268909,inf,1.1779575328614762,inf,1.0294117647058831,0.02496814727783203,0.0018229484558105469,0.5189218521118164,11,13
500,0.022360679774997897,2,1,43,500,500,2742,2508,22360.679774997898,0.11216116975138944,inf,1.2637913741223672,inf,1.0391122278056961,0.02472400665283203,0.00186920166015625,0.5183050632476807,3,4
500,0.022360679774997897,2,2,44,500,500,2800,2544,22360.679774997898,0.11377113869518929,inf,1.1725175526579739,inf,1.0492079541624546,0.02514481544494629,0.0018079280853271484,0.5201871395111084,3,11
500,0.022360679774997897,2,3,45,500,500,2718,2532,22360.679774997898,0.11323448238058935,inf,1.1803607214428857,inf,1.0405360134003352,0.0256960391998291,0.0017621517181396484,0.5232489109039307,2,3
500,0.022360679774997897,2,4,46,500,500,2758,2559,22360.679774997898,0.11444195908843924,inf,1.13510747185261,inf,1.0320709655407716,0.0252227783203125,0.0017631053924560547,0.5161190032958984,23,22
500,0.022360679774997897,3,0,42,500,500,2798,2711,11905.507889761491,0.2277097310843335,4.0,1.072,4.0,1.0141808475141811,0.025693178176879883,0.0025289058685302734,0.5333175659179688,0,0
500,0.022360679774997897,3,1,43,500,500,2742,2623,11905.507889761491,0.22031819425828358,5.0,1.095,2.0,1.0193526860193531,0.024892091751098633,0.002524852752685547,0.5242297649383545,0,0
500,0.022360679774997897,3,2,44,500,500,2800,2744,11905.507889761491,0.23048155739410223,inf,1.0201207243460764,inf,1.009212730318258,0.02604389190673828,0.0025348663330078125,0.5373458862304688,6,5
500,0.022360679774997897,3,3,45,500,500,2718,2636,11905.507889761491,0.22141012583485914,inf,1.058058058058058,inf,1.01698620921628,0.02533102035522461,0.0024900436401367188,0.5289380550384521,1,7
500,0.022360679774997897,3,4,46,500,500,2758,2668,11905.507889761491,0.2240979574079682,4.0,1.064,2.0,1.0160160160160165,0.025436878204345703,0.0024290084838867188,0.5312421321868896,0,0
500,0.022360679774997897,4,0,42,500,500,2798,2749,9457.416090031758,0.29067136031981106,4.0,1.037,2.0,1.0071738405071742,0.02513599395751953,0.0032317638397216797,0.5389158725738525,0,0
500,0.022360679774997897,4,1,43,500,500,2742,2645,9457.416090031758,0.2796746991800292,4.0,1.072,3.0,1.0190190190190191,0.026360750198364258,0.0032830238342285156,0.5230462551116943,0,0
500,0.022360679774997897,4,2,44,500,500,2800,2717,9457.416090031758,0.28728777227680125,4.0,1.051,2.0,1.0133333333333336,0.025769948959350586,0.003330230712890625,0.5353989601135254,0,0
500,0.022360679774997897,4,3,45,500,500,2718,2635,9457.416090031758,0.27861732791658866,4.0,1.046,1.5,1.0096025384101537,0.026077985763549805,0.00321197509765625,0.5248372554779053,0,0
500,0.022360679774997897,4,4,46,500,500,2758,2678,9457.416090031758,0.2831640243493831,4.0,1.062,2.0,1.0100100100100105,0.024821996688842773,0.0036809444427490234,0.53289794921875,0,0
500,0.022360679774997897,5,0,42,500,500,2798,2739,8664.310539439328,0.31612440338238873,4.0,1.042,2.0,1.0065065065065066,0.025688886642456055,0.0044558048248291016,0.5419161319732666,0,0
500,0.022360679774997897,5,1,43,500,500,2742,2673,8664.310539439328,0.30850694787919863,4.0,1.044,3.0,1.0135135135135138,0.02538895606994629,0.005715847015380859,0.525484561920166,0,0
500,0.022360679774997897,5,2,44,500,500,2800,2713,8664.310539439328,0.3131235875781017,4.0,1.055,2.0,1.0125000000000006,0.025323867797851562,0.006208181381225586,0.5355923175811768,0,0
500,0.022360679774997897,5,3,45,500,500,2718,2692,8664.310539439328,0.3106998517361776,4.0,1.015,1.5,1.00250501002004,0.02606797218322754,0.0043582916259765625,0.5349428653717041,0,0
500,0.022360679774997897,5,4,46,500,500,2758,2667,8664.310539439328,0.30781445192436313,4.0,1.054,1.5,1.010343677010344,0.02562713623046875,0.0046350955963134766,0.528527021408081,0,0
500,0.03162277660168379,2,0,42,500,500,3903,3569,22360.679774997898,0.15961053223393498,inf,1.1522177419354838,inf,1.0275815674402962,0.02626204490661621,0.0024428367614746094,0.6222620010375977,8,8
500,0.03162277660168379,2,1,43,500,500,3898,3591,22360.679774997898,0.1605944021440349,inf,1.1295546558704452,inf,1.0255240027045303,0.026256084442138672,0.0024900436401367188,0.6161720752716064,12,13
500,0.03162277660168379,2,2,44,500,500,3946,3659,22360.679774997898,0.1636354545934346,inf,1.0922768304914745,inf,1.0325940860215055,0.02633190155029297,0.002608060836791992,0.6384594440460205,3,8
500,0.03162277660168379,2,3,45,500,500,3924,3637,22360.679774997898,0.1626515846833347,5.0,1.153,3.0,1.0347361389445562,0.026871204376220703,0.0026259422302246094,0.6400609016418457,0,0
500,0.03162277660168379,2,4,46,500,500,3857,3610,22360.679774997898,0.1614441079754848,5.0,1.144,2.5,1.0300300300300305,0.025907039642333984,0.0026009082794189453,0.6379199028015137,0,0
500,0.03162277660168379,3,0,42,500,500,3903,3745,11905.507889761491,0.31456028879042014,3.0,1.063,2.0,1.011011011011011,0.026137113571166992,0.0034689903259277344,0.6361262798309326,0,0
500,0.03162277660168379,3,1,43,500,500,3898,3746,11905.507889761491,0.3146442835270798,inf,1.0551654964894683,inf,1.0132195448460508,0.026530981063842773,0.003618955612182617,0.6389539241790771,3,3
500,0.03162277660168379,3,2,44,500,500,3946,3848,11905.507889761491,0.32321174666636493,4.0,1.03,1.5,1.0053333333333334,0.02582073211669922,0.003454923629760742,0.650256872177124,0,0
500,0.03162277660168379,3,3,45,500,500,3924,3748,11905.507889761491,0.3148122730003991,4.0,1.088,3.0,1.0243820975283902,0.026133060455322266,0.0036199092864990234,0.633612871170044,0,0
500,0.03162277660168379,3,4,46,500,500,3857,3730,11905.507889761491,0.3133003677405253,3.0,1.048,1.5,1.0086753420086754,0.025975942611694336,0.003484010696411133,0.63372802734375,0,0
500,0.03162277660168379,4,0,42,500,500,3903,3769,9457.416090031758,0.3985232291907486,4.0,1.041,2.0,1.016016016016016,0.025792837142944336,0.0045702457427978516,0.6462559700012207,0,0
500,0.03162277660168379,4,1,43,500,500,3898,3769,9457.416090031758,0.3985232291907486,4.0,1.058,2.0,1.0103436770103436,0.026478052139282227,0.004441976547241211,0.6426775455474854,0,0
500,0.03162277660168379,4,2,44,500,500,3946,3819,9457.416090031758,0.40381008550795144,4.0,1.057,2.0,1.0148333333333337,0.02611398696899414,0.00489497184753418,0.6487317085266113,0,0
500,0.03162277660168379,4,3,45,500,500,3924,3841,9457.416090031758,0.4061363022875207,4.0,1.032,2.0,1.0073480293921175,0.025419950485229492,0.005388021469116211,0.6437661647796631,0,0
500,0.03162277660168379,4,4,46,500,500,3857,3764,9457.416090031758,0.3979945435590283,3.0,1.035,1.5,1.0101768435101768,0.02628469467163086,0.005442142486572266,0.6416959762573242,0,0
500,0.03162277660168379,5,0,42,500,500,3903,3808,8664.310539439328,0.43950409933557366,3.0,1.049,3.0,1.011011011011011,0.02569866180419922,0.006474018096923828,0.6399242877960205,0,0
500,0.03162277660168379,5,1,43,500,500,3898,3809,8664.310539439328,0.4396195153280462,4.0,1.04,1.5,1.0083416750083416,0.02539205551147461,0.007725954055786133,0.6357409954071045,0,0
500,0.03162277660168379,5,2,44,500,500,3946,3815,8664.310539439328,0.44031201128288167,3.0,1.058,3.0,1.0153333333333334,0.025947093963623047,0.010137081146240234,0.640103816986084,0,0
500,0.03162277660168379,5,3,45,500,500,3924,3813,8664.310539439328,0.44008117929793655,3.0,1.042,1.5,1.0106880427521712,0.025762081146240234,0.0074040889739990234,0.6416997909545898,0,0
500,0.03162277660168379,5,4,46,500,500,3857,3753,8664.310539439328,0.4331562197495819,3.0,1.045,1.5,1.0081748415081748,0.025753259658813477,0.007003068923950195,0.6311867237091064,0,0
500,0.044721359549995794,2,0,42,500,500,5556,5145,22360.679774997898,0.23009139488472835,4.0,1.117,3.0,1.0286953620286954,0.026445865631103516,0.003949880599975586,0.7687709331512451,0,0
500,0.044721359549995794,2,1,43,500,500,5510,5068,22360.679774997898,0.22664785019937866,inf,1.1172344689378757,3.0,1.0316983650316984,0.026279926300048828,0.003843069076538086,0.7715892791748047,2,0
500,0.044721359549995794,2,2,44,500,500,5538,5057,22360.679774997898,0.2261559152443287,inf,1.1281281281281281,inf,1.0370184254606365,0.026592016220092773,0.003950834274291992,0.7960147857666016,1,5
500,0.044721359549995794,2,3,45,500,500,5516,5141,22360.679774997898,0.22991250944652836,4.0,1.125,3.0,1.0277221108884438,0.026556730270385742,0.004000186920166016,0.7701847553253174,0,0
500,0.044721359549995794,2,4,46,500,500,5479,5078,22360.679774997898,0.22709506379487862,inf,1.1125628140703518,inf,1.040536013400335,0.026478052139282227,0.003894805908203125,0.7619709968566895,5,4
500,0.044721359549995794,3,0,42,500,500,5556,5340,11905.507889761491,0.448531893762575,3.0,1.054,2.0,1.01001001001001,0.02694988250732422,0.005171775817871094,0.7902579307556152,0,0
500,0.044721359549995794,3,1,43,500,500,5510,5245,11905.507889761491,0.4405523937799075,3.0,1.059,2.0,1.0135135135135136,0.02707505226135254,0.005877971649169922,0.796334981918335,0,0
500,0.044721359549995794,3,2,44,500,500,5538,5294,11905.507889761491,0.4446681358762308,4.0,1.068,2.0,1.0165,0.027185916900634766,0.005098819732666016,0.7933459281921387,0,0
500,0.044721359549995794,3,3,45,500,500,5516,5277,11905.507889761491,0.44324022535301655,3.0,1.063,2.0,1.0187040748162994,0.02692580223083496,0.005532979965209961,0.7897369861602783,0,0
500,0.044721359549995794,3,4,46,500,500,5479,5234,11905.507889761491,0.43962845167665127,3.0,1.066,3.0,1.0185185185185186,0.02708888053894043,0.004709959030151367,0.7914841175079346,0,0
500,0.044721359549995794,4,0,42,500,500,5556,5473,9457.416090031758,0.5786992924810207,3.0,1.024,2.0,1.009009009009009,0.027080774307250977,0.008220911026000977,0.8128969669342041,0,0
500,0.044721359549995794,4,1,43,500,500,5510,5274,9457.416090031758,0.5576576043385535,3.0,1.055,1.5,1.014014014014014,0.02743387222290039,0.007004976272583008,0.780491828918457,0,0
500,0.044721359549995794,4,2,44,500,500,5538,5281,9457.416090031758,0.558397764222962,3.0,1.077,1.5,1.017,0.025548219680786133,0.007116079330444336,0.7770040035247803,0,0
500,0.044721359549995794,4,3,45,500,500,5516,5291,9457.416090031758,0.5594551354864025,4.0,1.06,3.0,1.0155310621242486,0.026564836502075195,0.0076487064361572266,0.7682137489318848,0,0
500,0.044721359549995794,4,4,46,500,500,5479,5267,9457.416090031758,0.5569174444541451,3.0,1.055,3.0,1.0238571905238572,0.026565074920654297,0.0068361759185791016,0.771019697189331,0,0
500,0.044721359549995794,5,0,42,500,500,5556,5409,8664.310539439328,0.6242851032841696,3.0,1.041,2.0,1.011011011011011,0.026636123657226562,0.010966062545776367,0.7845690250396729,0,0
500,0.044721359549995794,5,1,43,500,500,5510,5355,8664.310539439328,0.6180526396906504,3.0,1.043,2.0,1.008008008008008,0.026477813720703125,0.012757062911987305,0.7862749099731445,0,0
500,0.044721359549995794,5,2,44,500,500,5538,5398,8664.310539439328,0.6230155273669713,3.0,1.042,1.5,1.011,0.027060985565185547,0.015789031982421875,0.7949798107147217,0,0
500,0.044721359549995794,5,3,45,500,500,5516,5320,8664.310539439328,0.6140130799541103,3.0,1.05,2.0,1.0140280561122244,0.025995969772338867,0.011950969696044922,0.7816157341003418,0,0
500,0.044721359549995794,5,4,46,500,500,5479,5394,8664.310539439328,0.622553863397081,3.0,1.014,3.0,1.008008008008008,0.025487184524536133,0.010568857192993164,0.7802484035491943,0,0
500,0.1,2,0,42,500,500,12541,11509,22360.679774997898,0.5146981270609016,3.0,1.106,3.0,1.014014014014014,0.028433799743652344,0.01206207275390625,1.3461871147155762,0,0
500,0.1,2,1,43,500,500,12264,11253,22360.679774997898,0.5032494590161026,3.0,1.102,2.0,1.0105105105105106,0.029601097106933594,0.011513710021972656,1.353503704071045,0,0
500,0.1,2,2,44,500,500,12574,11588,22360.679774997898,0.5182311144653512,3.0,1.096,2.0,1.012,0.02866387367248535,0.011487007141113281,1.3547210693359375,0,0
500,0.1,2,3,45,500,500,12490,11500,22360.679774997898,0.5142956348249517,3.0,1.103,2.0,1.0110220440881763,0.027846813201904297,0.012040138244628906,1.3681609630584717,0,0
500,0.1,2,4,46,500,500,12300,11306,22360.679774997898,0.5056196910722525,3.0,1.084,3.0,1.0185185185185186,0.028919219970703125,0.012558937072753906,1.336298942565918,0,0
500,0.1,3,0,42,500,500,12541,11613,11905.507889761491,0.9754308768286112,3.0,1.086,2.0,1.0125125125125125,0.029018878936767578,0.011578083038330078,1.3755109310150146,0,0
500,0.1,3,1,43,500,500,12264,11596,11905.507889761491,0.974002966305397,3.0,1.061,3.0,1.007007007007007,0.02894902229309082,0.015548229217529297,1.3530309200286865,0,0
500,0.1,3,2,44,500,500,12574,11682,11905.507889761491,0.9812265136581276,3.0,1.079,2.0,1.0105,0.02883005142211914,0.011945962905883789,1.3667280673980713,0,0
500,0.1,3,3,45,500,500,12490,11605,11905.507889761491,0.974758918935334,3.0,1.067,2.0,1.0115230460921845,0.028695106506347656,0.012871980667114258,1.3699400424957275,0,0
500,0.1,3,4,46,500,500,12300,11512,11905.507889761491,0.9669474084259857,3.0,1.071,2.0,1.0145145145145145,0.02882981300354004,0.010024070739746094,1.3582396507263184,0,0
500,0.1,4,0,42,500,500,12541,11803,9457.416090031758,1.2480153022388978,3.0,1.078,2.0,1.0065065065065064,0.028490066528320312,0.019662857055664062,1.369769811630249,0,0
500,0.1,4,1,43,500,500,12264,11543,9457.416090031758,1.2205236493894431,3.0,1.055,3.0,1.008008008008008,0.02804398536682129,0.0187227725982666,1.3666927814483643,0,0
500,0.1,4,2,44,500,500,12574,11896,9457.416090031758,1.257848854988895,3.0,1.069,2.0,1.005,0.028285980224609375,0.01828289031982422,1.3591790199279785,0,0
500,0.1,4,3,45,500,500,12490,11717,9457.416090031758,1.238921909373309,3.0,1.05,2.0,1.0085170340681362,0.0277559757232666,0.021326065063476562,1.3671576976776123,0,0
500,0.1,4,4,46,500,500,12300,11594,9457.416090031758,1.22591624283299,3.0,1.065,3.0,1.011011011011011,0.027664899826049805,0.019028902053833008,1.333178997039795,0,0
500,0.1,5,0,42,500,500,12541,12049,8664.310539439328,1.3906472933020817,3.0,1.044,2.0,1.0025025025025025,0.027957916259765625,0.030413150787353516,1.3959681987762451,0,0
500,0.1,5,1,43,500,500,12264,11695,8664.310539439328,1.3497900319667893,3.0,1.043,3.0,1.0095095095095095,0.02893686294555664,0.03826713562011719,1.357297658920288,0,0
500,0.1,5,2,44,500,500,12574,12150,8664.310539439328,1.4023043085418119,3.0,1.041,2.0,1.0025,0.028884172439575195,0.047315120697021484,1.4361910820007324,0,0
500,0.1,5,3,45,500,500,12490,11932,8664.310539439328,1.3771436221827902,3.0,1.036,2.0,1.0115230460921845,0.028497934341430664,0.03009033203125,1.4042658805847168,0,0
500,0.1,5,4,46,500,500,12300,12098,8664.310539439328,1.3963026769332378,2.0,1.007,2.0,1.002002002002002,0.029187917709350586,0.0309598445892334,1.383885145187378,0,0
500,0.2,2,0,42,500,500,25049,22153,22360.679774997898,0.9907122781110568,3.0,1.105,2.0,1.017017017017017,0.03235626220703125,0.034181833267211914,2.2839913368225098,0,0
500,0.2,2,1,43,500,500,24523,21762,22360.679774997898,0.9732262265270084,3.0,1.113,2.0,1.0315315315315314,0.0318760871887207,0.03334498405456543,2.242041826248169,0,0
500,0.2,2,2,44,500,500,25144,22427,22360.679774997898,1.0029659306277556,2.0,1.116,3.0,1.03,0.03187203407287598,0.036492109298706055,2.3020212650299072,0,0
500,0.2,2,3,45,500,500,24959,21866,22360.679774997898,0.977877247920208,2.0,1.119,2.0,1.0210420841683367,0.030943870544433594,0.03459501266479492,2.271235942840576,0,0
500,0.2,2,4,46,500,500,24854,21918,22360.679774997898,0.9802027586168077,3.0,1.124,2.0,1.0205205205205206,0.03151202201843262,0.0342869758605957,2.2669787406921387,0,0
500,0.2,3,0,42,500,500,25049,22501,11905.507889761491,1.88996556957897,3.0,1.086,2.0,1.016016016016016,0.03152799606323242,0.028298139572143555,2.321927785873413,0,0
500,0.2,3,1,43,500,500,24523,22651,11905.507889761491,1.9025647800779188,3.0,1.072,2.0,1.019019019019019,0.03170585632324219,0.044036149978637695,2.277374505996704,0,0
500,0.2,3,2,44,500,500,25144,23087,11905.507889761491,1.93918648526153,2.0,1.087,2.0,1.022,0.031039953231811523,0.03455519676208496,2.3690366744995117,0,0
500,0.2,3,3,45,500,500,24959,22489,11905.507889761491,1.8889576327390543,2.0,1.088,2.0,1.0165330661322645,0.03255867958068848,0.03570389747619629,2.279594898223877,0,0
500,0.2,3,4,46,500,500,24854,22499,11905.507889761491,1.8897975801056508,2.0,1.093,2.0,1.011011011011011,0.03214073181152344,0.02763962745666504,2.2755889892578125,0,0
500,0.2,4,0,42,500,500,25049,22831,9457.416090031758,2.4140843315611518,2.0,1.079,2.0,1.021021021021021,0.03324604034423828,0.0486760139465332,2.311748743057251,0,0
500,0.2,4,1,43,500,500,24523,22679,9457.416090031758,2.3980122883568553,2.0,1.07,2.0,1.014014014014014,0.03198099136352539,0.050047874450683594,2.2845518589019775,0,0
500,0.2,4,2,44,500,500,25144,23482,9457.416090031758,2.4829192008111325,2.0,1.067,2.0,1.012,0.032569169998168945,0.05310988426208496,2.352858066558838,0,0
500,0.2,4,3,45,500,500,24959,23013,9457.416090031758,2.43332848855577,2.0,1.098,2.0,1.0150300601202404,0.03189516067504883,0.05315113067626953,2.3052310943603516,0,0
500,0.2,4,4,46,500,500,24854,22948,9457.416090031758,2.4264555753434065,2.0,1.08,2.0,1.012012012012012,0.030851125717163086,0.050724029541015625,2.3035740852355957,0,0
500,0.2,5,0,42,500,500,25049,23540,8664.310539439328,2.716892462804465,2.0,1.049,2.0,1.013013013013013,0.031479835510253906,0.07742977142333984,2.379201889038086,0,0
500,0.2,5,1,43,500,500,24523,22915,8664.310539439328,2.6447574675091046,2.0,1.067,2.0,1.018018018018018,0.03102898597717285,0.09200119972229004,2.328338861465454,0,0
500,0.2,5,2,44,500,500,25144,23660,8664.310539439328,2.7307423819011745,2.0,1.06,2.0,1.012,0.031039953231811523,0.11251187324523926,2.3492350578308105,0,0
500,0.2,5,3,45,500,500,24959,23217,8664.310539439328,2.6796130972358227,2.0,1.079,2.0,1.0090180360721444,0.030765056610107422,0.06947898864746094,2.3259730339050293,0,0
500,0.2,5,4,46,500,500,24854,24522,8664.310539439328,2.830230967412536,2.0,1.007,2.0,1.003003003003003,0.030725717544555664,0.07846593856811523,2.4219882488250732,0,0
500,0.3,2,0,42,500,500,37486,30998,22360.679774997898,1.3862727033307696,3.0,1.168,2.0,1.0465465465465464,0.03599905967712402,0.0640859603881836,3.1421377658843994,0,0
500,0.3,2,1,43,500,500,36909,30637,22360.679774997898,1.370128292533221,2.0,1.191,2.0,1.052052052052052,0.03562307357788086,0.05806374549865723,3.0743067264556885,0,0
500,0.3,2,2,44,500,500,37515,31101,22360.679774997898,1.3908790033644192,2.0,1.179,2.0,1.04,0.03670310974121094,0.06011199951171875,3.1158387660980225,0,0
500,0.3,2,3,45,500,500,37369,30825,22360.679774997898,1.3785359081286204,2.0,1.171,2.0,1.0571142284569137,0.03617691993713379,0.0629720687866211,3.0940239429473877,0,0
500,0.3,2,4,46,500,500,37484,31219,22360.679774997898,1.3961561237913187,2.0,1.171,2.0,1.0505505505505506,0.03626418113708496,0.06179189682006836,3.116238832473755,0,0
500,0.3,3,0,42,500,500,37486,31885,11905.507889761491,2.6781721783932033,2.0,1.149,2.0,1.044044044044044,0.0362088680267334,0.049543142318725586,3.162135601043701,0,0
500,0.3,3,1,43,500,500,36909,32510,11905.507889761491,2.7306688888054897,2.0,1.122,2.0,1.033033033033033,0.035368919372558594,0.08362698554992676,3.1975460052490234,0,0
500,0.3,3,2,44,500,500,37515,33169,11905.507889761491,2.786021420264204,2.0,1.124,2.0,1.032,0.03496289253234863,0.0653080940246582,3.2250189781188965,0,0
500,0.3,3,3,45,500,500,37369,31782,11905.507889761491,2.669520720517258,2.0,1.153,2.0,1.0450901803607215,0.03467202186584473,0.0632021427154541,3.1464731693267822,0,0
500,0.3,3,4,46,500,500,37484,32537,11905.507889761491,2.7329367466953003,2.0,1.134,2.0,1.0460460460460461,0.0343778133392334,0.049979209899902344,3.206202745437622,0,0
500,0.3,4,0,42,500,500,37486,33162,9457.416090031758,3.506454583821599,2.0,1.096,2.0,1.042042042042042,0.03444933891296387,0.08745384216308594,3.2576677799224854,0,0
500,0.3,4,1,43,500,500,36909,32271,9457.416090031758,3.4122428042490442,2.0,1.146,2.0,1.0360360360360361,0.03503274917602539,0.09020709991455078,3.216745138168335,0,0
500,0.3,4,2,44,500,500,37515,34641,9457.416090031758,3.662839793684458,2.0,1.084,2.0,1.028,0.036444902420043945,0.10193991661071777,3.3504393100738525,0,0
500,0.3,4,3,45,500,500,37369,32864,9457.416090031758,3.47494492017107,2.0,1.124,2.0,1.031062124248497,0.034834861755371094,0.09464025497436523,3.240111827850342,0,0
500,0.3,4,4,46,500,500,37484,33468,9457.416090031758,3.53881014448288,2.0,1.12,2.0,1.025025025025025,0.03534579277038574,0.09040307998657227,3.2383618354797363,0,0
500,0.3,5,0,42,500,500,37486,34336,8664.310539439328,3.9629235175384077,2.0,1.082,2.0,1.026026026026026,0.03510284423828125,0.13747596740722656,3.301363945007324,0,0
500,0.3,5,1,43,500,500,36909,33340,8664.310539439328,3.847969189035721,2.0,1.107,2.0,1.027027027027027,0.03465914726257324,0.16025805473327637,3.219736099243164,0,0
500,0.3,5,2,44,500,500,37515,33794,8664.310539439328,3.900368049618271,2.0,1.112,2.0,1.032,0.03612208366394043,0.19455695152282715,3.3009707927703857,0,0
500,0.3,5,3,45,500,500,37369,33772,8664.310539439328,3.8978288977838744,2.0,1.096,2.0,1.0260521042084167,0.03656792640686035,0.12419819831848145,3.2881548404693604,0,0
500,0.3,5,4,46,500,500,37484,36983,8664.310539439328,4.268429649613319,2.0,1.012,2.0,1.005005005005005,0.03592801094055176,0.1483440399169922,3.525744676589966,0,0
1000,0.003800451229771041,2,0,42,1000,980,1875,1782,61357.70530259423,0.029042807113007472,inf,1.047418335089568,inf,1.0202671004842612,0.09974789619445801,0.0015769004821777344,0.7262372970581055,51,55
1000,0.003800451229771041,2,1,43,1000,966,1903,1761,60047.60431524309,0.029326732016733765,inf,1.071504802561366,inf,1.0340987298213653,0.09911799430847168,0.0015659332275390625,0.705085277557373,63,59
1000,0.003800451229771041,2,2,44,1000,976,1844,1706,60982.42946947916,0.027975271153370968,inf,1.0617678381256657,inf,1.0259901118917516,0.09366464614868164,0.0015308856964111328,0.6997051239013672,61,85
1000,0.003800451229771041,2,3,45,1000,973,1837,1717,60701.476654196806,0.02828596756848895,inf,1.0757097791798107,inf,1.0217701863354038,0.10141587257385254,0.0015749931335449219,0.7023248672485352,49,78
1000,0.003800451229771041,2,4,46,1000,971,1888,1818,60514.415175229115,0.03004242864672313,inf,1.0,inf,1.0097689819027398,0.10195398330688477,0.0017611980438232422,0.7197487354278564,40,57
1000,0.003800451229771041,3,0,42,1000,980,1875,1833,29202.67861835048,0.06276821465439725,inf,1.065524193548387,inf,1.015045489740612,0.10290098190307617,0.0023851394653320312,0.7469618320465088,8,15
1000,0.003800451229771041,3,1,43,1000,966,1903,1858,28647.76573498975,0.06485671577978173,inf,1.0863453815261044,inf,1.0149628879892036,0.10080504417419434,0.0024290084838867188,0.7574951648712158,4,12
1000,0.003800451229771041,3,2,44,1000,976,1844,1813,29043.860687460503,0.06242283074931395,inf,1.083083083083083,inf,1.012952572771304,0.10553312301635742,0.002337932586669922,0.7385690212249756,1,7
1000,0.003800451229771041,3,3,45,1000,973,1837,1812,28924.88949285328,0.06264501029287273,inf,1.0050454086781029,inf,1.00488824101069,0.09684491157531738,0.0024271011352539062,0.7339720726013184,9,18
1000,0.003800451229771041,3,4,46,1000,971,1888,1852,28845.643241986392,0.06420380313462083,inf,1.0654582074521652,inf,1.0085473515248797,0.09944295883178711,0.0023679733276367188,0.7365880012512207,7,20
1000,0.003800451229771041,4,0,42,1000,980,1875,1855,21932.724627194377,0.08457681530820782,8.0,1.063,2.0,1.0082034415367747,0.09847903251647949,0.0031740665435791016,0.7578310966491699,0,0
1000,0.003800451229771041,4,1,43,1000,966,1903,1895,21541.770729171698,0.0879686272695218,inf,1.014014014014014,inf,1.0043587174348696,0.09881782531738281,0.0031630992889404297,0.7537920475006104,1,2
1000,0.003800451229771041,4,2,44,1000,976,1844,1844,21820.880121977054,0.08450621559223005,1.0,1.0,1.0,1.0,0.10241103172302246,0.003297090530395508,0.7769927978515625,0,0
1000,0.003800451229771041,4,3,45,1000,973,1837,1827,21737.071888280352,0.08404995895445494,6.0,1.01,inf,1.001805416248746,0.10256814956665039,0.0032570362091064453,0.7502110004425049,0,1
1000,0.003800451229771041,4,4,46,1000,971,1888,1881,21681.235598581086,0.08675704811413519,8.0,1.03,1.75,1.0023023023023023,0.09975290298461914,0.0031461715698242188,0.7526485919952393,0,0
1000,0.003800451229771041,5,0,42,1000,980,1875,1869,19428.59052237397,0.09619843487090117,7.0,1.019,3.0,1.0076290576290576,0.09784984588623047,0.003959178924560547,0.7595000267028809,0,0
1000,0.003800451229771041,5,1,43,1000,966,1903,1898,19096.006597104963,0.09939250860374886,7.0,1.012,1.4,1.0021499999999999,0.09766602516174316,0.00395965576171875,0.7564301490783691,0,0
1000,0.003800451229771041,5,2,44,1000,976,1844,1842,19333.468962350114,0.09527519368547363,inf,1.0,inf,1.0004020100502513,0.09923410415649414,0.0039980411529541016,0.7573409080505371,1,5
1000,0.003800451229771041,5,3,45,1000,973,1837,1833,19262.178924325803,0.09516057384791202,6.0,1.01,1.5,1.00187040748163,0.09706306457519531,0.004057645797729492,0.7509698867797852,0,0
1000,0.003800451229771041,5,4,46,1000,971,1888,1879,19214.676640878737,0.09778983196638735,8.0,1.022,inf,1.0023306505700873,0.09940719604492188,0.003960847854614258,0.7528326511383057,0,5
1000,0.006907755278982137,2,0,42,1000,999,3398,3200,63150.70859459932,0.05067243220567229,inf,1.0975103734439835,inf,1.0205503308951585,0.10037016868591309,0.0024161338806152344,0.9138827323913574,36,41
1000,0.006907755278982137,2,1,43,1000,998,3451,3206,63055.91144373381,0.05084376589910662,inf,1.177732379979571,inf,1.0338149294805645,0.10063910484313965,0.0024220943450927734,0.9210047721862793,21,31
1000,0.006907755278982137,2,2,44,1000,999,3442,3171,63150.70859459932,0.05021321328880838,inf,1.1265560165975104,inf,1.0343685300207044,0.10039687156677246,0.0025839805603027344,0.9092941284179688,36,34
1000,0.006907755278982137,2,3,45,1000,1000,3439,3206,63245.553203367585,0.05069131089249912,inf,1.130030959752322,inf,1.0278470058843892,0.10000205039978027,0.002440214157104492,0.9251179695129395,31,35
1000,0.006907755278982137,2,4,46,1000,999,3440,3301,63150.70859459932,0.052271780847163815,inf,1.0525231719876416,inf,1.009045138888889,0.09702301025390625,0.0024557113647460938,0.9203109741210938,29,40
1000,0.006907755278982137,3,0,42,1000,999,3398,3343,29960.006668148748,0.11158208464466161,inf,1.0431726907630523,inf,1.0075025176233634,0.10130882263183594,0.003549814224243164,0.9573979377746582,4,5
1000,0.006907755278982137,3,1,43,1000,998,3451,3401,29920.02667852839,0.11366968474131313,inf,1.038152610441767,inf,1.0082997987927564,0.10143208503723145,0.0035359859466552734,0.9525830745697021,4,6
1000,0.006907755278982137,3,2,44,1000,999,3442,3386,29960.006668148748,0.11301733132121575,inf,1.0321608040201005,inf,1.005129498822738,0.10023188591003418,0.00376129150390625,0.9523117542266846,5,9
1000,0.006907755278982137,3,3,45,1000,1000,3439,3369,29999.999999999985,0.11230000000000005,6.0,1.065,2.0,1.0115230460921842,0.10007572174072266,0.0035600662231445312,0.9485032558441162,0,0
1000,0.006907755278982137,3,4,46,1000,999,3440,3386,29960.006668148748,0.11301733132121575,inf,1.0511534603811434,inf,1.005471887550201,0.09718012809753418,0.009209156036376953,0.949533224105835,3,4
1000,0.006907755278982137,4,0,42,1000,999,3398,3382,22465.539456866773,0.15054167768788052,5.0,1.018,1.3333333333333333,1.00125250501002,0.09980416297912598,0.004585981369018555,0.9535932540893555,0,0
1000,0.006907755278982137,4,1,43,1000,998,3451,3428,22437.432940663482,0.15278040090706707,inf,1.0140280561122244,inf,1.0042962219993314,0.10129594802856445,0.004595041275024414,0.9533731937408447,2,3
1000,0.006907755278982137,4,2,44,1000,999,3442,3394,22465.539456866773,0.15107582911669618,5.0,1.033,inf,1.0125502008032128,0.09718990325927734,0.004834175109863281,0.9576542377471924,0,4
1000,0.006907755278982137,4,3,45,1000,1000,3439,3402,22493.653007613964,0.15124266382381038,inf,1.020100502512563,inf,1.0044813695871098,0.09937810897827148,0.004616975784301758,0.9588117599487305,5,5
1000,0.006907755278982137,4,4,46,1000,999,3440,3406,22465.539456866773,0.15160998054551184,5.0,1.028,1.6666666666666667,1.0062333333333333,0.09970283508300781,0.004815816879272461,0.9600520133972168,0,0
1000,0.006907755278982137,5,0,42,1000,999,3398,3392,19881.47448672193,0.17061108834082633,2.0,1.001,1.6666666666666667,1.0011690046760189,0.09989094734191895,0.005916118621826172,0.9576938152313232,0,0
1000,0.006907755278982137,5,1,43,1000,998,3451,3433,19857.595226880894,0.17288095364905037,inf,1.01001001001001,inf,1.0013373453694416,0.09978485107421875,0.006031990051269531,0.9587159156799316,1,3
1000,0.006907755278982137,5,2,44,1000,999,3442,3423,19881.47448672193,0.17217032882979025,5.0,1.01,1.6666666666666667,1.0025833333333334,0.09929299354553223,0.0061228275299072266,0.949627161026001,0,0
1000,0.006907755278982137,5,3,45,1000,1000,3439,3410,19905.358527674856,0.17131065462895342,5.0,1.027,1.3333333333333333,1.0035905143620576,0.09825992584228516,0.0059931278228759766,0.9591560363769531,0,0
1000,0.006907755278982137,5,4,46,1000,999,3440,3401,19881.47448672193,0.17106377106342877,6.0,1.024,3.0,1.00745,0.10048794746398926,0.006365060806274414,0.954395055770874,0,0
1000,0.012429216196844383,2,0,42,1000,1000,6205,5861,63245.553203367585,0.09267054683123437,inf,1.118006103763988,inf,1.031334688346884,0.10166287422180176,0.004108905792236328,1.2231929302215576,17,15
1000,0.012429216196844383,2,1,43,1000,1000,6249,5891,63245.553203367585,0.09314488848025962,inf,1.1584754262788366,inf,1.0273606940273614,0.10153985023498535,0.0042269229888916016,1.237365961074829,3,1
1000,0.012429216196844383,2,2,44,1000,1000,6140,5700,63245.553203367585,0.09012491331479881,inf,1.155241935483871,inf,1.0311122414377767,0.10051584243774414,0.004121065139770508,1.2141509056091309,8,17
1000,0.012429216196844383,2,3,45,1000,1000,6188,5808,63245.553203367585,0.09183254325128974,inf,1.1772406847935548,inf,1.0280033840947553,0.10166001319885254,0.0041980743408203125,1.231539011001587,7,13
1000,0.012429216196844383,2,4,46,1000,1000,6241,6002,63245.553203367585,0.09489995258165307,inf,1.0479102956167177,inf,1.0107471852610035,0.10346484184265137,0.0044231414794921875,1.245427131652832,19,23
1000,0.012429216196844383,3,0,42,1000,1000,6205,6087,29999.999999999985,0.2029000000000001,4.0,1.042,inf,1.0085255767301908,0.10377192497253418,0.011438846588134766,1.2659211158752441,0,2
1000,0.012429216196844383,3,1,43,1000,1000,6249,6131,29999.999999999985,0.20436666666666675,4.0,1.038,2.0,1.0123333333333335,0.09926295280456543,0.00604701042175293,1.2935147285461426,0,0
1000,0.012429216196844383,3,2,44,1000,1000,6140,6025,29999.999999999985,0.20083333333333342,4.0,1.032,2.0,1.011166666666667,0.09945988655090332,0.005809783935546875,1.2566192150115967,0,0
1000,0.012429216196844383,3,3,45,1000,1000,6188,6092,29999.999999999985,0.20306666666666676,4.0,1.031,2.0,1.0058450233800937,0.10103321075439453,0.0058290958404541016,1.2687911987304688,0,0
1000,0.012429216196844383,3,4,46,1000,1000,6241,6137,29999.999999999985,0.20456666666666676,4.0,1.029,2.0,1.0100833333333334,0.10073018074035645,0.006105184555053711,1.2720088958740234,0,0
1000,0.012429216196844383,4,0,42,1000,1000,6205,6151,22493.653007613964,0.27345491627873536,4.0,1.027,3.0,1.0056723390056723,0.10048699378967285,0.007802248001098633,1.2810819149017334,0,0
1000,0.012429216196844383,4,1,43,1000,1000,6249,6150,22493.653007613964,0.27341045929348434,4.0,1.044,2.0,1.0063333333333335,0.10096096992492676,0.008067131042480469,1.2772071361541748,0,0
1000,0.012429216196844383,4,2,44,1000,1000,6140,6042,22493.653007613964,0.2686091048863793,5.0,1.034,1.5,1.0058333333333336,0.10130786895751953,0.007927894592285156,1.2640886306762695,0,0
1000,0.012429216196844383,4,3,45,1000,1000,6188,6074,22493.653007613964,0.2700317284144104,4.0,1.038,4.0,1.007682030728123,0.10306119918823242,0.007219076156616211,1.2806880474090576,0,0
1000,0.012429216196844383,4,4,46,1000,1000,6241,6123,22493.653007613964,0.2722101206917081,4.0,1.038,1.3333333333333333,1.005666666666667,0.10102486610412598,0.008076190948486328,1.2989089488983154,0,0
1000,0.012429216196844383,5,0,42,1000,1000,6205,6081,19905.358527674856,0.30549562780019524,4.0,1.041,2.0,1.005171838505172,0.10411596298217773,0.012845039367675781,1.2726850509643555,0,0
1000,0.012429216196844383,5,1,43,1000,1000,6249,6136,19905.358527674856,0.3082587028748558,4.0,1.056,2.0,1.0105000000000004,0.10202288627624512,0.012284994125366211,1.2883493900299072,0,0
1000,0.012429216196844383,5,2,44,1000,1000,6140,6051,19905.358527674856,0.30398849594128946,4.0,1.022,1.5,1.0053333333333336,0.1052999496459961,0.01976490020751953,1.280311107635498,0,0
1000,0.012429216196844383,5,3,45,1000,1000,6188,6054,19905.358527674856,0.30413920912718007,4.0,1.041,1.5,1.0080160320641285,0.10125303268432617,0.011693954467773438,1.277526617050171,0,0
1000,0.012429216196844383,5,4,46,1000,1000,6241,6124,19905.358527674856,0.3076558501312935,4.0,1.048,2.0,1.0065000000000002,0.10227775573730469,0.010788917541503906,1.28867506980896,0,0
1000,0.022360679774997897,2,0,42,1000,1000,11047,10466,63245.553203367585,0.1654819899566113,inf,1.0832497492477433,inf,1.0185742971887553,0.10053801536560059,0.008227109909057617,1.7637524604797363,3,3
1000,0.022360679774997897,2,1,43,1000,1000,11200,10498,63245.553203367585,0.16598795438223823,4.0,1.116,3.0,1.0183333333333333,0.10213708877563477,0.008656024932861328,1.7450454235076904,0,0
1000,0.022360679774997897,2,2,44,1000,1000,11035,10350,63245.553203367585,0.16364786891371363,4.0,1.134,4.0,1.033666666666667,0.10454201698303223,0.008138179779052734,1.7334706783294678,0,0
1000,0.022360679774997897,2,3,45,1000,1000,11124,10485,63245.553203367585,0.16578240633432728,inf,1.1125628140703518,inf,1.021105527638191,0.10288596153259277,0.008154869079589844,1.7483410835266113,5,3
1000,0.022360679774997897,2,4,46,1000,1000,11110,10649,63245.553203367585,0.16837547401566536,inf,1.0681362725450902,inf,1.0127559583752939,0.10226202011108398,0.00801706314086914,1.7507102489471436,2,7
1000,0.022360679774997897,3,0,42,1000,1000,11047,10810,29999.999999999985,0.3603333333333335,3.0,1.038,3.0,1.0071738405071737,0.10396814346313477,0.011394977569580078,1.7802200317382812,0,0
1000,0.022360679774997897,3,1,43,1000,1000,11200,10927,29999.999999999985,0.3642333333333335,3.0,1.054,1.5,1.0095,0.09988689422607422,0.011018991470336914,1.8070502281188965,0,0
1000,0.022360679774997897,3,2,44,1000,1000,11035,10784,29999.999999999985,0.3594666666666668,4.0,1.032,1.5,1.0078333333333334,0.10250592231750488,0.011262893676757812,1.7890949249267578,0,0
1000,0.022360679774997897,3,3,45,1000,1000,11124,10838,29999.999999999985,0.36126666666666685,4.0,1.038,1.5,1.0065130260521042,0.10008406639099121,0.01109623908996582,1.8163766860961914,0,0
1000,0.022360679774997897,3,4,46,1000,1000,11110,10875,29999.999999999985,0.36250000000000016,3.0,1.032,1.5,1.006,0.10314011573791504,0.01151585578918457,1.807389259338379,0,0
1000,0.022360679774997897,4,0,42,1000,1000,11047,10811,22493.653007613964,0.4806244675482698,3.0,1.056,3.0,1.009009009009009,0.10075592994689941,0.013416051864624023,1.7763986587524414,0,0
1000,0.022360679774997897,4,1,43,1000,1000,11200,10922,22493.653007613964,0.48555919291112787,3.0,1.056,1.5,1.0063333333333333,0.10274410247802734,0.014948129653930664,1.8147070407867432,0,0
1000,0.022360679774997897,4,2,44,1000,1000,11035,10700,22493.653007613964,0.4756897421854118,3.0,1.041,1.5,1.0095,0.10379576683044434,0.013281106948852539,1.7843239307403564,0,0
1000,0.022360679774997897,4,3,45,1000,1000,11124,10823,22493.653007613964,0.48115795137128153,3.0,1.058,3.0,1.0103540414161658,0.10294032096862793,0.014163970947265625,1.8322091102600098,0,0
1000,0.022360679774997897,4,4,46,1000,1000,11110,10822,22493.653007613964,0.4811134943860305,3.0,1.041,1.5,1.0085,0.10419797897338867,0.01782679557800293,1.7967228889465332,0,0
1000,0.022360679774997897,5,0,42,1000,1000,11047,10820,19905.358527674856,0.5435722237786733,3.0,1.035,3.0,1.0085085085085086,0.10258698463439941,0.025901079177856445,1.7905848026275635,0,0
1000,0.022360679774997897,5,1,43,1000,1000,11200,10944,19905.358527674856,0.5498017021288171,3.0,1.034,2.0,1.0073333333333334,0.10421490669250488,0.02537703514099121,1.8106927871704102,0,0
1000,0.022360679774997897,5,2,44,1000,1000,11035,10791,19905.358527674856,0.5421153296483977,3.0,1.045,1.5,1.0075,0.09905004501342773,0.025717973709106445,1.8146507740020752,0,0
1000,0.022360679774997897,5,3,45,1000,1000,11124,10851,19905.358527674856,0.5451295933662093,3.0,1.045,1.5,1.0083500334001336,0.1029520034790039,0.021111011505126953,1.7901980876922607,0,0
1000,0.022360679774997897,5,4,46,1000,1000,11110,10772,19905.358527674856,0.5411608128044241,4.0,1.058,1.5,1.0053333333333334,0.10347604751586914,0.020642995834350586,1.8045368194580078,0,0
1000,0.03162277660168379,2,0,42,1000,1000,15625,14787,63245.553203367585,0.23380299880454913,inf,1.0772316950852558,inf,1.0215646940822467,0.10288786888122559,0.012454986572265625,2.204190969467163,3,2
1000,0.03162277660168379,2,1,43,1000,1000,15773,14862,63245.553203367585,0.23498885292711227,inf,1.082246740220662,inf,1.0215215215215214,0.10308194160461426,0.013866901397705078,2.212618112564087,3,1
1000,0.03162277660168379,2,2,44,1000,1000,15647,14691,63245.553203367585,0.23228510552766832,inf,1.0842527582748245,inf,1.0231854838709677,0.1011800765991211,0.01221013069152832,2.1817595958709717,3,8
1000,0.03162277660168379,2,3,45,1000,1000,15836,14938,63245.553203367585,0.23619051843797625,4.0,1.074,2.0,1.0228790915163661,0.1019899845123291,0.012984037399291992,2.2295894622802734,0,0
1000,0.03162277660168379,2,4,46,1000,1000,15685,14979,63245.553203367585,0.23683878535831077,3.0,1.072,3.0,1.0245,0.10279560089111328,0.014199972152709961,2.222369909286499,0,0
1000,0.03162277660168379,3,0,42,1000,1000,15625,15038,29999.999999999985,0.5012666666666669,3.0,1.069,2.0,1.0125125125125125,0.1048130989074707,0.016337156295776367,2.24692964553833,0,0
1000,0.03162277660168379,3,1,43,1000,1000,15773,15281,29999.999999999985,0.509366666666667,3.0,1.056,3.0,1.017,0.10463809967041016,0.016530990600585938,2.2852680683135986,0,0
1000,0.03162277660168379,3,2,44,1000,1000,15647,15121,29999.999999999985,0.5040333333333336,3.0,1.049,1.5,1.01,0.10376405715942383,0.015671730041503906,2.2267906665802,0,0
1000,0.03162277660168379,3,3,45,1000,1000,15836,15261,29999.999999999985,0.5087000000000003,3.0,1.072,3.0,1.0140280561122244,0.10272574424743652,0.016399145126342773,2.261579751968384,0,0
1000,0.03162277660168379,3,4,46,1000,1000,15685,15115,29999.999999999985,0.5038333333333336,3.0,1.043,3.0,1.0135,0.10410904884338379,0.015114068984985352,2.2496330738067627,0,0
1000,0.03162277660168379,4,0,42,1000,1000,15625,15192,22493.653007613964,0.6753905199327829,3.0,1.047,3.0,1.0105105105105106,0.10531997680664062,0.02254199981689453,2.2452449798583984,0,0
1000,0.03162277660168379,4,1,43,1000,1000,15773,15243,22493.653007613964,0.6776578261805825,3.0,1.049,2.0,1.014,0.1027059555053711,0.024250030517578125,2.2436180114746094,0,0
1000,0.03162277660168379,4,2,44,1000,1000,15647,15238,22493.653007613964,0.6774355412543276,3.0,1.031,1.5,1.011,0.1019446849822998,0.02297210693359375,2.240427017211914,0,0
1000,0.03162277660168379,4,3,45,1000,1000,15836,15379,22493.653007613964,0.6837039761747148,3.0,1.037,1.5,1.0130260521042085,0.10320329666137695,0.02109384536743164,2.287369728088379,0,0
1000,0.03162277660168379,4,4,46,1000,1000,15685,15198,22493.653007613964,0.6756572618442886,3.0,1.037,2.0,1.013,0.1028738021850586,0.02602076530456543,2.2372236251831055,0,0
1000,0.03162277660168379,5,0,42,1000,1000,15625,15315,19905.358527674856,0.7693908139713846,3.0,1.029,1.5,1.005005005005005,0.10304522514343262,0.04127216339111328,2.2545249462127686,0,0
1000,0.03162277660168379,5,1,43,1000,1000,15773,15321,19905.358527674856,0.7696922403431657,3.0,1.043,1.5,1.011,0.10256314277648926,0.042584896087646484,2.2765398025512695,0,0
1000,0.03162277660168379,5,2,44,1000,1000,15647,15314,19905.358527674856,0.7693405762427544,3.0,1.037,3.0,1.0075,0.10243916511535645,0.041079044342041016,2.2646708488464355,0,0
1000,0.03162277660168379,5,3,45,1000,1000,15836,15420,19905.358527674856,0.7746657754775548,3.0,1.039,1.5,1.0125250501002003,0.10504913330078125,0.037413835525512695,2.280564069747925,0,0
1000,0.03162277660168379,5,4,46,1000,1000,15685,15182,19905.358527674856,0.7627091960635691,3.0,1.036,1.5,1.014,0.10462808609008789,0.03304696083068848,2.2447330951690674,0,0
1000,0.044721359549995794,2,0,42,1000,1000,22126,20985,63245.553203367585,0.3318019834931672,3.0,1.068,2.0,1.0175175175175175,0.10744667053222656,0.02119302749633789,2.8550009727478027,0,0
1000,0.044721359549995794,2,1,43,1000,1000,22210,21025,63245.553203367585,0.33243443902520087,3.0,1.073,3.0,1.022,0.10514092445373535,0.02243208885192871,2.8952863216400146,0,0
1000,0.044721359549995794,2,2,44,1000,1000,22129,20784,63245.553203367585,0.328623894444698,inf,1.0781563126252505,inf,1.0235707121364093,0.10952925682067871,0.023058176040649414,2.8656702041625977,2,3
1000,0.044721359549995794,2,3,45,1000,1000,22257,21021,63245.553203367585,0.3323711934719975,3.0,1.077,3.0,1.0285571142284569,0.10505795478820801,0.0200347900390625,2.8674705028533936,0,0
1000,0.044721359549995794,2,4,46,1000,1000,22223,21170,63245.553203367585,0.334727090328823,3.0,1.06,2.0,1.0195,0.10655903816223145,0.021762847900390625,2.883923053741455,0,0
1000,0.044721359549995794,3,0,42,1000,1000,22126,21267,29999.999999999985,0.7089000000000003,3.0,1.054,1.5,1.008008008008008,0.10550093650817871,0.024576902389526367,2.8915274143218994,0,0
1000,0.044721359549995794,3,1,43,1000,1000,22210,21481,29999.999999999985,0.7160333333333336,3.0,1.04,3.0,1.0125,0.10637497901916504,0.023418188095092773,2.8999030590057373,0,0
1000,0.044721359549995794,3,2,44,1000,1000,22129,21101,29999.999999999985,0.703366666666667,3.0,1.069,3.0,1.018,0.10457181930541992,0.02155900001525879,2.8886899948120117,0,0
1000,0.044721359549995794,3,3,45,1000,1000,22257,21392,29999.999999999985,0.713066666666667,3.0,1.045,2.0,1.0160320641282565,0.10666489601135254,0.023931026458740234,2.895191192626953,0,0
1000,0.044721359549995794,3,4,46,1000,1000,22223,21341,29999.999999999985,0.711366666666667,3.0,1.047,3.0,1.015,0.10388302803039551,0.023467063903808594,2.879063844680786,0,0
1000,0.044721359549995794,4,0,42,1000,1000,22126,21446,22493.653007613964,0.9534245056923684,3.0,1.033,2.0,1.0105105105105106,0.10501623153686523,0.03567624092102051,2.8834409713745117,0,0
1000,0.044721359549995794,4,1,43,1000,1000,22210,21468,22493.653007613964,0.9544025593678899,3.0,1.039,3.0,1.0175,0.10595226287841797,0.04331707954406738,2.9276883602142334,0,0
1000,0.044721359549995794,4,2,44,1000,1000,22129,21424,22493.653007613964,0.952446452016847,3.0,1.042,3.0,1.0155,0.10618233680725098,0.033123016357421875,2.901319980621338,0,0
1000,0.044721359549995794,4,3,45,1000,1000,22257,21398,22493.653007613964,0.9512905704003217,3.0,1.055,1.5,1.0155310621242486,0.10650014877319336,0.03379416465759277,2.90622615814209,0,0
1000,0.044721359549995794,4,4,46,1000,1000,22223,21644,22493.653007613964,0.962226988772061,3.0,1.024,3.0,1.0095,0.1061398983001709,0.04353785514831543,2.9339828491210938,0,0
1000,0.044721359549995794,5,0,42,1000,1000,22126,21665,19905.358527674856,1.0884003907731015,3.0,1.023,2.0,1.0055055055055055,0.1025540828704834,0.0701758861541748,2.9050049781799316,0,0
1000,0.044721359549995794,5,1,43,1000,1000,22210,21630,19905.358527674856,1.0866420702710446,3.0,1.033,2.0,1.0135,0.10420894622802734,0.07071113586425781,2.946610927581787,0,0
1000,0.044721359549995794,5,2,44,1000,1000,22129,21511,19905.358527674856,1.080663780564052,3.0,1.041,2.0,1.013,0.10759592056274414,0.06904292106628418,2.9070491790771484,0,0
1000,0.044721359549995794,5,3,45,1000,1000,22257,21536,19905.358527674856,1.0819197237798066,3.0,1.039,2.0,1.0135270541082164,0.10590004920959473,0.06732797622680664,2.8916006088256836,0,0
1000,0.044721359549995794,5,4,46,1000,1000,22223,21457,19905.358527674856,1.0779509432180217,3.0,1.048,2.0,1.0115,0.10663676261901855,0.05587887763977051,2.9063687324523926,0,0
1000,0.1,2,0,42,1000,1000,50049,46481,63245.553203367585,0.7349291396114322,3.0,1.082,2.0,1.007007007007007,0.1126258373260498,0.07212209701538086,5.347757816314697,0,0
1000,0.1,2,1,43,1000,1000,49738,46427,63245.553203367585,0.7340753246431868,3.0,1.077,2.0,1.0085,0.11083483695983887,0.07408809661865234,5.2686450481414795,0,0
1000,0.1,2,2,44,1000,1000,49979,46551,63245.553203367585,0.7360359367924911,3.0,1.064,2.0,1.0085,0.1128089427947998,0.07637810707092285,5.24008321762085,0,0
1000,0.1,2,3,45,1000,1000,49809,46608,63245.553203367585,0.7369371859256392,2.0,1.075,3.0,1.0100200400801602,0.1142270565032959,0.07660913467407227,5.288126468658447,0,0
1000,0.1,2,4,46,1000,1000,49779,46178,63245.553203367585,0.7301382889562771,3.0,1.067,2.0,1.009,0.11519217491149902,0.07398390769958496,5.227921009063721,0,0
1000,0.1,3,0,42,1000,1000,50049,47631,29999.999999999985,1.5877000000000008,2.0,1.044,2.0,1.002002002002002,0.11568999290466309,0.07928180694580078,5.26883602142334,0,0
1000,0.1,3,1,43,1000,1000,49738,46819,29999.999999999985,1.560633333333334,2.0,1.062,3.0,1.012,0.11371183395385742,0.0544278621673584,5.311328172683716,0,0
1000,0.1,3,2,44,1000,1000,49979,47310,29999.999999999985,1.5770000000000008,3.0,1.046,2.0,1.007,0.11688494682312012,0.06811332702636719,5.243596076965332,0,0
1000,0.1,3,3,45,1000,1000,49809,47247,29999.999999999985,1.5749000000000009,2.0,1.058,2.0,1.002004008016032,0.11485886573791504,0.0661311149597168,5.273242712020874,0,0
1000,0.1,3,4,46,1000,1000,49779,46667,29999.999999999985,1.5555666666666674,3.0,1.052,2.0,1.009,0.11502599716186523,0.059007883071899414,5.231590986251831,0,0
1000,0.1,4,0,42,1000,1000,50049,48235,22493.653007613964,2.144382683580686,2.0,1.038,1.0,1.0,0.11290693283081055,0.11109209060668945,5.3468217849731445,0,0
1000,0.1,4,1,43,1000,1000,49738,47588,22493.653007613964,2.115619014123306,2.0,1.039,3.0,1.006,0.11466813087463379,0.12829899787902832,5.29353928565979,0,0
1000,0.1,4,2,44,1000,1000,49979,48204,22493.653007613964,2.1430045170379057,2.0,1.034,2.0,1.002,0.11640095710754395,0.1045687198638916,5.286469221115112,0,0
1000,0.1,4,3,45,1000,1000,49809,47793,22493.653007613964,2.124732696099756,2.0,1.047,2.0,1.002004008016032,0.11447596549987793,0.10216331481933594,5.300084829330444,0,0
1000,0.1,4,4,46,1000,1000,49779,48038,22493.653007613964,2.135624657486244,2.0,1.034,2.0,1.004,0.11343693733215332,0.13013672828674316,5.299651861190796,0,0
1000,0.1,5,0,42,1000,1000,50049,48322,19905.358527674856,2.4275875228681194,2.0,1.039,2.0,1.002002002002002,0.11173605918884277,0.19790315628051758,5.314934968948364,0,0
1000,0.1,5,1,43,1000,1000,49738,48045,19905.358527674856,2.413671672037556,2.0,1.024,3.0,1.003,0.11571574211120605,0.21223807334899902,5.363127946853638,0,0
1000,0.1,5,2,44,1000,1000,49979,48268,19905.358527674856,2.424874685522089,2.0,1.032,2.0,1.001,0.11344289779663086,0.19938087463378906,5.271203994750977,0,0
1000,0.1,5,3,45,1000,1000,49809,47958,19905.358527674856,2.4093009896467295,2.0,1.039,2.0,1.003006012024048,0.11368703842163086,0.16994905471801758,5.30651068687439,0,0
1000,0.1,5,4,46,1000,1000,49779,47654,19905.358527674856,2.3940287201431514,3.0,1.05,2.0,1.0035,0.11316204071044922,0.16355490684509277,5.214670181274414,0,0
1000,0.2,2,0,42,1000,1000,99601,88227,63245.553203367585,1.3949913556183782,2.0,1.11,2.0,1.02002002002002,0.1280069351196289,0.2400810718536377,9.106098890304565,0,0
1000,0.2,2,1,43,1000,1000,99540,88816,63245.553203367585,1.404304263327574,2.0,1.12,2.0,1.018,0.12922000885009766,0.2521212100982666,9.184812307357788,0,0
1000,0.2,2,2,44,1000,1000,100007,88716,63245.553203367585,1.4027231244974898,2.0,1.102,2.0,1.0285,0.13061928749084473,0.23855304718017578,9.172972440719604,0,0
1000,0.2,2,3,45,1000,1000,99619,88934,63245.553203367585,1.4061700071470733,2.0,1.095,2.0,1.0270541082164328,0.12722110748291016,0.23331713676452637,9.205327033996582,0,0
1000,0.2,2,4,46,1000,1000,99940,88636,63245.553203367585,1.4014582134334224,3.0,1.127,3.0,1.021,0.1279149055480957,0.23069119453430176,9.15597939491272,0,0
1000,0.2,3,0,42,1000,1000,99601,92768,29999.999999999985,3.092266666666668,2.0,1.065,2.0,1.012012012012012,0.13261699676513672,0.28291821479797363,9.435470819473267,0,0
1000,0.2,3,1,43,1000,1000,99540,89918,29999.999999999985,2.9972666666666683,2.0,1.082,2.0,1.019,0.12862372398376465,0.16466784477233887,9.276396036148071,0,0
1000,0.2,3,2,44,1000,1000,100007,90860,29999.999999999985,3.028666666666668,2.0,1.11,2.0,1.023,0.12907695770263672,0.20087718963623047,9.282491207122803,0,0
1000,0.2,3,3,45,1000,1000,99619,92575,29999.999999999985,3.0858333333333348,2.0,1.079,2.0,1.0220440881763526,0.13024306297302246,0.23482394218444824,9.407860040664673,0,0
1000,0.2,3,4,46,1000,1000,99940,90255,29999.999999999985,3.0085000000000015,2.0,1.095,2.0,1.02,0.13171601295471191,0.17094182968139648,9.266042947769165,0,0
1000,0.2,4,0,42,1000,1000,99601,94192,22493.653007613964,4.187492354759655,2.0,1.052,2.0,1.009009009009009,0.12864398956298828,0.3135819435119629,9.57020902633667,0,0
1000,0.2,4,1,43,1000,1000,99540,91863,22493.653007613964,4.083952036110139,2.0,1.065,2.0,1.014,0.1302628517150879,0.3422839641571045,9.478092908859253,0,0
1000,0.2,4,2,44,1000,1000,100007,93273,22493.653007613964,4.146636385314011,2.0,1.074,2.0,1.009,0.12838006019592285,0.30356383323669434,9.471895694732666,0,0
